algorithm,runtime,total_run_runtime,success_rate,median_stretch,avg_depth
Beacon Nodes,157.79681525,328.371818,0.9986750000000001,0.7,7.616675000000001
Global Controller,162.1769845,326.420568,0.996175,0.6,7.616675000000001
PrioList,157.13687425,315.78433099999995,0.9995499999999999,0.4,7.616675000000001
Simple Decomposition,156.60303949999997,316.2832675,0.999525,0.2,7.616675000000001
Super Trees,161.564684,318.801037,0.9863250000000001,1.2,11.070825000000001
