algorithm,runtime,total_run_runtime,success_rate,median_stretch,avg_depth
Beacon Nodes,7785.51511921875,9145.35779875,0.9538625,1.43703125,14.804275
Global Controller,7886.370600875,9005.36666671875,0.8972125,1.6989062499999998,14.804275
PrioList,7779.081656531249,9113.697763375,0.962146875,1.36625,14.804275
Simple Decomposition,7795.90611365625,9140.2623230625,0.962046875,1.36296875,14.804275
Super Trees,7979.53325328125,9311.6394961875,0.937796875,1.6015625,19.76135625
